{
  "dataset": "Visual Anomaly (VisA)",
  "class_name": "pcb1",
  "model_name": "facebook/dinov2-base",
  "seed": 42,
  "image_size": 224,
  "patch_size": 14,
  "patch_grid": [
    16,
    16
  ],
  "embedding_dimension": 768,
  "memory_bank_patches": 30000,
  "image_threshold": 0.12546904385089874,
  "pixel_threshold": 0.24516046047210693,
  "calibration_image_metrics": {
    "threshold": 0.12546904385089874,
    "precision": 0.6176470588235294,
    "recall": 0.84,
    "f1": 0.711864406779661,
    "roc_auc": 0.9053333333333332,
    "pr_auc": 0.7816599584659403
  },
  "official_test_image_metrics": {
    "roc_auc": 0.854736842105263,
    "pr_auc": 0.7171696905247221,
    "precision": 0.5277777777777778,
    "recall": 0.76,
    "f1": 0.6229508196721312,
    "false_alarms": 34,
    "missed_anomalies": 12
  },
  "official_test_pixel_metrics": {
    "pixel_roc_auc": 0.9868458942330074,
    "pixel_average_precision": 0.7721694591448786,
    "pixel_f1": 0.7364864864864865,
    "mean_anomaly_iou": 0.32561344537815123
  },
  "split_counts": {
    "normal_memory": 702,
    "normal_calibration": 150,
    "normal_test": 152,
    "anomaly_calibration": 50,
    "anomaly_test": 50
  }
}